SubjID,Dx,Age,Sex,BDI,HDRS
20015,1,54.28767123,2, , 
20024,1,34.6739726,2, ,0
21539,0,30.64476386,2,0,0
21545,0,31.74246575,1,0,0
